prevword,nextword,prevtag,nexttag,class
in,rates,IN,NNS,6
declining,rates,VBG,NNS,6
short-term,rates,JJ,NNS,6
83.4,in,AB,IN,5
with,in,IN,IN,5
plus,.,CC,.,6
the,rate,DT,NN,6
own,prompted,JJ,VBD,4
and,is,CC,VBZ,6
its,to,PP,TO,5
strong,of,JJ,IN,1
if,rates,IN,NNS,6
in,rates,IN,NNS,6
in,rates,IN,NNS,6
accrued,to,VBN,TO,6
in,rates,IN,NNS,6
international,in,JJ,IN,1
u.s.,rates,NP,NNS,6
little,in,JJ,IN,1
short-term,rates,JJ,NNS,6
funds,rate,NNS,NN,6
higher,costs,JJR,NNS,6
business,{,NN,(,3
japanese,in,JJ,IN,1
controlling,in,VBG,IN,5
great,in,JJ,IN,1
35,or,AB,CC,5
the,rates,DT,NNS,6
annual,rates,JJ,NNS,6
semiannual,payment,JJ,NN,6
of,rate,IN,NN,6
in,rate,IN,NN,6
an,rate,DT,NN,6
fixed-rate,payments,JJ,NNS,6
as,rates,IN,NNS,6
growing,in,VBG,IN,1
with,rates,IN,NNS,6
the,on,DT,IN,6
important,on,JJ,IN,4
national,in,JJ,IN,4
regarding,rates,VBG,NNS,6
investor,was,NN,VBD,1
investor,was,NN,VBD,1
and,income,CC,NN,6
s,expense,POS,NN,6
his,in,PP,IN,1
20,in,AB,IN,5
unspecified,a,JJ,DT,3
cited,costs,VBD,NNS,6
in,rates,IN,NNS,6
family,for,NN,IN,5
in,rates,IN,NNS,6
short-term,rates,JJ,NNS,6
annual,rates,JJ,NNS,6
best,``,JJS,``,4
its,in,PP,IN,1
high,rates,JJ,NNS,6
other,,JJ,'',3
investor,and,NN,CC,1
domestic,rates,JJ,NNS,6
short-term,rates,JJ,NNS,6
market,rates,NN,NNS,6
has,in,VBZ,IN,5
of,coverage,IN,NN,6
lower,rates,JJR,NNS,6
bring,rates,VB,NNS,6
average,rate,JJ,NN,6
little,and,JJ,CC,1
quick,in,JJ,IN,1
higher,rates,JJR,NNS,6
timber,would,NN,MD,5
owed,to,VBD,TO,6
and,in,CC,IN,5
illegal,in,JJ,IN,5
ownership,in,NN,IN,5
its,rate,PP,NN,6
the,he,DT,PP,6
true,cost,JJ,NN,6
true,cost,JJ,NN,6
investors,on,NNS,IN,6
in,rates,IN,NNS,6
investor,in,NN,IN,1
``,is,``,VBZ,1
down,rates,RP,NNS,6
pay,monthly,VBP,RB,6
long-term,of,JJ,IN,4
with,in,IN,IN,5
growing,in,VBG,IN,1
much,in,JJ,IN,1
pay,only,VBP,RB,6
eases,rates,VBZ,NNS,6
of,rate,IN,NN,6
short-term,rates,JJ,NNS,6
u.s.,rates,NP,NNS,6
when,rates,WRB,NNS,6
u.s.,rates,NP,NNS,6
german,rates,JJ,NNS,6
u.s.,rates,NP,NNS,6
s,rate,POS,NN,6
and,rate,CC,NN,6
the,rate,DT,NN,6
an,rate,DT,NN,6
involving,rate,VBG,NN,6
an,rate,DT,NN,6
s,rate,POS,NN,6
s,rate,POS,NN,6
finding,from,VBG,IN,1
corporate,in,JJ,IN,1
eases,rates,VBZ,NNS,6
minority,surged,NN,VBD,5
minority,on,NN,IN,5
the,rate,DT,NN,6
for,rates,IN,NNS,6
of,in,IN,IN,3
net-profits,in,JJ,IN,5
an,rate,DT,NN,6
20,in,AB,IN,5
minority,but,NN,CC,5
million,in,AB,IN,5
,in,'',IN,1
has,in,VBZ,IN,5
has,in,VBZ,IN,5
own,are,JJ,VBP,3
lower,rates,VB,NNS,6
in,rate,IN,JJ,6
raised,rates,VBD,NNS,6
that,rates,IN,NNS,6
higher,rates,JJR,NNS,6
their,in,PP,IN,1
short-term,rates,JJ,NNS,6
growing,in,VBG,IN,1
lower,rates,JJR,NNS,6
an,in,DT,IN,1
his,.,PP,.,5
family,.,NN,.,5
buying,however,NN,RB,1
that,rates,IN,NNS,6
where,rates,WRB,NNS,6
international,rate,JJ,NN,6
foreign-investor,.,NN,.,1
annual,rate,JJ,NN,6
short-term,rates,JJ,NNS,6
the,rate,DT,NN,6
annual,payments,JJ,NNS,6
our,at,PP,IN,1
more,in,JJR,IN,1
increases,rates,VBZ,NNS,6
suspended,payments,VBD,NNS,6
personal,says,JJ,VBZ,3
much,that,JJ,IN,1
investor,in,NN,IN,1
western,to,JJ,TO,4
of,,IN,'',1
own,probably,JJ,RB,4
the,charges,DT,VBZ,6
of,to,IN,TO,2
but,instead,CC,RB,1
but,waned,CC,VBD,1
annual,rates,JJ,NNS,6
annualized,rates,VBN,NNS,6
annual,and,JJ,CC,6
lower,.,JJR,.,6
their,rate,PP,NN,6
an,rate,DT,NN,6
in,payments,IN,NNS,6
the,rate,DT,NN,6
own,as,JJ,IN,4
that,which,DT,WDT,5
gas,from,NN,IN,5
when,rates,WRB,NNS,6
has,in,VBZ,IN,5
british,rates,JJ,NNS,6
higher,rates,JJR,NNS,6
51,to,AB,TO,5
10,in,AB,IN,5
its,payments,PP,NNS,6
the,of,DT,IN,4
business,the,NN,DT,3
an,it,DT,PP,1
with,in,IN,IN,1
net,income,JJ,NN,6
an,rate,DT,NN,6
and,have,CC,VBP,6
the,on,DT,IN,6
shown,.,VBN,.,1
high,rates,JJ,NNS,6
high,rates,JJ,NNS,6
nor,rates,CC,NNS,6
his,outside,PP,IN,3
before,taxes,IN,NNS,6
before,taxes,IN,NNS,6
real-estate,.,NN,.,5
in,every,IN,DT,6
long-term,rates,JJ,NNS,6
believe,rates,VBP,NNS,6
expected,rates,VBD,NNS,6
pushed,rates,VBD,NNS,6
mortgage,rates,NN,NNS,6
high,rates,JJ,NNS,6
high,rates,JJ,NNS,6
falls,rates,VBZ,NNS,6
coal,for,NN,IN,5
great,in,JJ,IN,1
time,paid,NN,VBN,6
accrued,on,VBN,IN,6
and,from,CC,IN,6
equity,of,NN,IN,5
cover,payments,VB,NNS,6
controlling,.,VBG,.,5
50,in,AB,IN,5
public,would,JJ,MD,4
buying,.,NN,.,1
high,rates,JJ,NNS,6
move,rates,VBP,NNS,6
the,rates,DT,NNS,6
less,than,JJR,IN,6
funds,rate,NNS,NN,6
public,.,JJ,.,4
annual,rates,JJ,NNS,6
little,outside,JJ,IN,2
much,as,JJ,IN,1
in,payments,IN,NNS,6
14,rate,AB,NN,6
where,rates,WRB,NNS,6
best,of,JJS,IN,4
and,expense,CC,NN,6
cash,.,NN,.,6
controlling,in,VBG,IN,5
investor,in,NN,IN,1
effective,rate,JJ,NN,6
in,expenses,IN,NNS,6
when,rates,WRB,NNS,6
in,rates,IN,NNS,6
much,.,JJ,.,1
showing,.,VBG,.,1
municipal-bond,is,JJ,VBZ,6
prevailing,rates,JJ,NNS,6
that,rates,IN,NNS,6
if,rates,IN,NNS,6
if,rates,IN,NNS,6
an,rate,DT,NN,6
8.8,for,AB,IN,6
market,rates,NN,NNS,6
national,in,JJ,IN,4
our,in,PP,IN,4
u.s.,rates,NP,NNS,6
u.s.,rates,NP,NNS,6
british,rates,JJ,NNS,6
buying,in,NN,IN,1
investors,in,NNS,IN,1
has,in,VBZ,IN,5
accrued,to,JJ,TO,6
how,rates,WRB,NNS,6
where,rates,WRB,NNS,6
gas,up,NN,RP,5
has,ranging,VBZ,VBG,5
%,during,NN,IN,6
thereafter,paid,RB,VBN,6
represent,in,VB,IN,5
half,in,NN,IN,5
brewing,.,NN,.,5
public,.,JJ,.,4
as,rate,IN,NN,6
with,robert,IN,NP,1
your,is,PP,VBZ,4
intellectual,.,JJ,.,3
spurring,in,VBG,IN,1
fat,payments,JJ,NNS,6
high,rates,JJ,NNS,6
the,on,DT,IN,6
base,rates,NN,NNS,6
charging,rates,VBG,NNS,6
the,rates,DT,NNS,6
whose,include,WP,VBP,5
in,expense,IN,NN,6
periodic,payments,JJ,NNS,6
some,in,DT,IN,1
lower,rates,VB,NNS,6
variable,rates,JJ,NNS,6
semiannual,payment,JJ,NN,6
an,payment,DT,NN,6
its,in,PP,IN,5
annual,rates,JJ,NNS,6
of,in,IN,IN,5
covia,.,NP,.,5
with,in,IN,IN,5
revive,in,VB,IN,1
plus,``,CC,``,6
lower,rates,JJR,NNS,6
our,rate,PP,NN,6
accrued,this,JJ,DT,6
the,rates,DT,NNS,6
accrued,--,JJ,:,6
bonds,rates,NNS,VBZ,6
the,rate,DT,NN,6
accrue,in,VB,IN,6
the,rate,DT,NN,6
has,in,VBZ,IN,5
investor,in,NN,IN,1
investor,in,NN,IN,1
that,has,DT,VBZ,1
open,and,JJ,CC,5
open,is,JJ,VBZ,5
overdue,on,JJ,IN,6
from,on,IN,IN,6
high,and,JJ,CC,6
voting,of,NN,IN,5
u.k.,rates,NP,NNS,6
the,that,DT,DT,6
including,on,VBG,IN,6
in,could,IN,MD,6
the,the,DT,DT,6
the,buildup,DT,NN,6
minority,.,NN,.,5
little,in,JJ,IN,1
the,payment,DT,NN,6
no,until,DT,IN,6
economic,.,JJ,.,4
our,lies,PP,VBZ,4
keen,in,JJ,IN,1
keen,in,JJ,IN,1
lower,rates,JJR,NNS,6
let,rates,VBN,NNS,6
bronfman,hold,NP,VBP,5
free-speech,outweighed,NN,VBD,4
the,of,DT,IN,4
public,in,JJ,IN,4
public,in,JJ,IN,1
the,of,DT,IN,4
dividend,in,NN,IN,5
dividend,in,NN,IN,5
including,to,VBG,TO,6
and,of,CC,IN,6
for,since,IN,IN,6
unpaid,equal,JJ,JJ,6
creditors,accrued,NNS,VBN,6
much,in,JJ,IN,1
of,from,IN,IN,1
cut,rates,VB,NNS,6
lower,rates,VB,NNS,6
taxes,and,NNS,CC,6
short,in,JJ,IN,5
short,in,JJ,IN,5
stable,rates,JJ,NNS,6
lose,from,VB,IN,6
earn,for,VB,IN,6
short-term,rates,JJ,NNS,6
lower,rates,JJR,NNS,6
short-term,rates,JJ,NNS,6
plus,has,CC,VBZ,6
its,income,PP,NN,6
great,since,JJ,IN,1
annual,rates,JJ,NNS,6
an,in,DT,IN,1
and,income,CC,NN,6
defer,and,VB,CC,6
cash,bill,NN,NN,6
that,bill,DT,NN,6
the,of,DT,IN,4
pay,periodically,VB,RB,6
current,bonds,JJ,NNS,6
current,bonds,JJ,NNS,6
current,bonds,JJ,NNS,6
50,in,AB,IN,5
with,in,IN,IN,5
active,beyond,JJ,IN,1
family,a,NN,DT,5
best,of,JJS,IN,4
in,expense,IN,NN,6
minority,.,NN,.,5
its,in,PP,IN,5
25,in,AB,IN,5
japanese,rates,JJ,NNS,6
of,,IN,'',1
including,on,VBG,IN,6
in,on,IN,IN,6
in,earned,IN,VBN,6
an,in,DT,IN,1
average,rate,JJ,NN,6
has,in,VBZ,IN,5
working,and,VBG,CC,5
50,and,AB,CC,5
minority,rose,NN,VBD,5
on,rates,IN,NNS,6
their,in,PP,IN,1
some,income,DT,NN,6
annual,rates,JJ,NNS,6
consumer,small,NN,JJ,4
late-payment,because,NN,IN,6
request,abatement,VB,NN,6
home-mortgage,on,JJ,IN,6
and,on,CC,IN,6
government,and,NN,CC,4
special,magazines,JJ,NNS,3
idosyncratic,of,JJ,IN,3
of,in,IN,IN,1
minority,in,NN,IN,5
low,rate,JJ,NN,6
all,costs,DT,NNS,6
school,costs,NN,NNS,6
of,among,IN,IN,3
narrow,of,JJ,IN,4
the,of,DT,IN,4
common,and,JJ,CC,3
short,in,JJ,IN,5
short,statistics,JJ,NNS,5
short,figures,JJ,NNS,5
short,in,JJ,IN,5
short,compares,JJ,VBZ,5
short,which,JJ,WDT,5
short,rose,JJ,VBD,5
short,gains,JJ,NNS,5
short,in,JJ,IN,5
short,jumped,JJ,VBD,5
short,position,JJ,NN,5
short,in,JJ,IN,5
short,surge,JJ,NN,5
short,in,JJ,IN,5
short,included,JJ,VBD,5
short,data,JJ,NNS,5
short,in,JJ,IN,5
short,represents,JJ,VBZ,5
short,position,JJ,NN,5
and,while,CC,IN,6
and,rates,CC,NNS,6
current,bonds,JJ,NNS,6
current,bonds,JJ,NNS,6
current,serial,JJ,NN,6
year,rates,NN,NNS,6
and,rate,CC,NN,6
reduce,costs,VB,NNS,6
ease,rates,VB,NNS,6
higher,expense,JJR,NN,6
minority,in,NN,IN,5
high,rates,JJ,NNS,6
institutional,later,JJ,RB,1
some,but,DT,CC,1
european,in,JJ,IN,1
investor,because,NN,IN,1
its,.,PP,.,5
australian,rates,JJ,NNS,6
oil,might,NN,MD,5
oil,already,NN,RB,5
cash,bill,NN,NN,6
accrued,to,VBN,TO,6
cut,rates,VB,NNS,6
lower,rates,JJR,NNS,6
``,by,``,IN,1
and,rates,CC,NNS,6
up,in,IN,IN,1
falling,rates,VBG,NNS,6
true,cost,JJ,NN,6
but,and,CC,CC,6
short,increased,JJ,VBD,5
the,connected,DT,VBN,1
losing,in,VBG,IN,1
s,in,POS,IN,1
s,in,POS,IN,1
one-third,in,JJ,IN,5
majority,last,NN,JJ,5
as,rates,IN,NNS,6
than,rates,IN,NNS,6
other,.,JJ,.,3
when,rates,WRB,NNS,6
and,rates,CC,NNS,6
and,were,CC,VBD,6
and,accrued,CC,VBN,6
year,is,NN,VBZ,6
lower,rates,VB,NNS,6
``,rates,``,NNS,6
return,rates,VB,NNS,6
funds,rate,NNS,NN,6
the,of,DT,IN,5
as,rates,IN,NNS,6
and,expense,CC,NN,6
before,taxes,IN,NNS,6
banks,in,NNS,IN,1
and,rates,CC,NNS,6
current,bonds,JJ,NNS,6
current,serial,JJ,NN,6
investors,on,NNS,IN,6
to,payments,TO,NNS,6
sole,and,JJ,CC,3
insurance,acquired,NN,VBN,5
insurance,it,NN,PP,5
s,in,POS,IN,5
lower,rates,VB,NNS,6
much,in,JJ,IN,1
the,of,DT,IN,4
have,in,VB,IN,5
accrue,at,VB,IN,6
immediate,payments,JJ,NNS,6
missing,payments,VBG,NNS,6
investor,for,NN,IN,1
that,rates,IN,NNS,6
annual,rates,JJ,NNS,6
billion,income,AB,NN,6
annualized,rates,JJ,NNS,6
new-found,more,JJ,JJR,1
current,rates,JJ,NNS,6
australian,rates,JJ,NNS,6
before,tax,IN,NN,6
an,.,DT,.,5
shown,national,VBN,JJ,1
its,expense,PP,NN,6
hefty,payments,JJ,NNS,6
some,payments,DT,NNS,6
with,primarily,IN,RB,5
family,.,NN,.,5
excited,in,VBN,IN,1
lost,as,VBD,IN,1
an,in,DT,IN,1
any,in,DT,IN,1
annual,rates,JJ,NNS,6
of,accrued,IN,VBN,6
with,in,IN,IN,5
the,of,DT,IN,4
net,bill,JJ,NN,6
has,in,VBZ,IN,5
before,and,IN,CC,6
high,rates,JJ,NNS,6
believe,rates,VBP,NNS,6
fact,in,NN,IN,1
his,in,PP,IN,1
62.5,with,AB,IN,5
over,rates,IN,NNS,6
allow,rates,VB,NNS,6
that,rates,IN,NNS,6
plus,income,CC,NN,6
as,rates,IN,NNS,6
strong,abroad,JJ,RB,1
the,rate,DT,NN,6
its,in,PP,IN,5
let,rates,VB,NNS,6
lower,rates,JJR,NNS,6
50,in,AB,IN,5
up,among,RP,IN,1
special,in,JJ,IN,4
in,rates,IN,NNS,6
increase,rates,VB,NNS,6
on,rates,IN,NNS,6
thin,ahead,JJ,RB,1
months,may,NNS,MD,1
short-term,rates,JJ,NNS,6
bank,rates,NN,NNS,6
its,as,PP,IN,5
36,in,AB,IN,5
minority,in,NN,IN,5
ownership,.,NN,.,5
business,the,NN,DT,3
54,in,AB,IN,5
as,from,IN,IN,1
their,.,PP,.,4
the,of,DT,IN,4
investor,were,NN,VBD,1
investor,.,NN,.,1
little,in,JJ,IN,1
buying,for,NN,IN,1
buying,in,NN,IN,1
has,in,VBZ,IN,5
their,.,PP,.,4
buying,.,NN,.,1
buying,was,NN,VBD,1
buying,helped,NN,VBD,1
in,,IN,'',5
national,because,JJ,IN,2
whose,are,WP,VBP,5
considerable,,JJ,'',1
u.s.,at,NP,IN,4
accumulate,in,VBP,IN,6
his,in,PP,IN,1
investor,in,NN,IN,1
buying,in,NN,IN,1
of,``,IN,``,6
general,magazine,JJ,NN,3
black,,JJ,'',4
economic,.,JJ,.,3
his,in,PP,IN,1
buying,remained,NN,VBD,1
minority,but,NN,CC,5
u.s.,may,NP,MD,1
s,in,POS,IN,4
financial,in,JJ,IN,5
of,.,IN,.,4
of,for,IN,IN,4
of,,IN,'',4
of,set,IN,VBN,4
of,to,IN,TO,4
of,.,IN,.,4
of,or,IN,CC,4
of,already,IN,RB,4
of,.,IN,.,4
of,standard,IN,NN,4
of,,IN,'',4
in,expense,IN,NN,6
scientific,in,JJ,IN,1
has,in,VBZ,IN,5
high,rates,JJ,NNS,6
fixed-dollar,payments,JJ,NNS,6
an,.,DT,.,5
their,at,PP,IN,6
and,rates,CC,NNS,6
much,if,JJ,IN,6
taxes,and,NNS,CC,6
an,in,DT,IN,5
sold,in,VBN,IN,5
on,rates,IN,NNS,6
high,rate,JJ,NN,6
if,rates,IN,NNS,6
if,rates,IN,NNS,6
higher,yield,JJR,NN,6
higher,rate,JJR,NN,6
buying,also,NN,RB,1
high,rates,JJ,NNS,6
high,rates,JJ,NNS,6
of,rates,IN,NNS,6
the,is,DT,VBZ,1
of,in,IN,IN,1
short,on,JJ,IN,5
short,.,JJ,.,5
short,dropped,JJ,VBD,5
short,climbed,JJ,VBD,5
short,has,JJ,VBZ,5
short,is,JJ,VBZ,5
short,bullish,JJ,JJ,5
short,of,JJ,IN,5
short,ratio,JJ,NN,5
short,in,JJ,IN,5
short,slid,JJ,VBD,5
short,volume,JJ,NN,5
short,position,JJ,NN,5
include,costs,VB,NNS,6
attractive,rates,JJ,NNS,6
for,payments,IN,NNS,6
foregone,on,JJ,IN,6
that,rates,IN,NNS,6
lower,rates,JJR,NNS,6
key,rate,JJ,NN,6
watching,in,VBG,IN,1
controlling,in,NN,IN,5
``,rates,``,NNS,6
falling,rates,VBG,NNS,6
higher,than,JJR,IN,6
when,rates,WRB,NNS,6
on,costs,IN,NNS,6
that,rates,IN,NNS,6
resettable,rate,JJ,NN,6
that,rates,IN,NNS,6
debt,.,NN,.,6
its,in,PP,IN,5
its,along,PP,IN,5
s,shortly,POS,RB,5
their,have,PP,VBP,4
financial,in,JJ,IN,5
s,to,POS,TO,4
own,to,JJ,TO,4
s,in,POS,IN,5
the,on,DT,IN,6
an,only,DT,RB,5
represent,in,VB,IN,5
an,in,DT,IN,5
the,hit,DT,VBD,5
with,that,IN,WDT,5
excluding,increased,VBG,VBD,6
strategic,waiting,JJ,VBG,4
an,in,DT,IN,5
and,income,CC,NN,6
semi-annually,will,RB,MD,6
of,to,IN,TO,2
s,area,POS,NN,3
topic,in,NN,IN,1
soviet,also,JJ,RB,1
one-third,in,JJ,IN,5
reduce,rates,VB,NNS,6
private,.,JJ,.,4
has,in,VBZ,IN,5
business,and,NN,CC,3
controlling,in,VBG,IN,5
in,income,IN,NN,6
lower,income,JJR,NN,6
minority,rose,NN,VBD,5
minority,.,NN,.,5
consumer,in,NN,IN,1
one-sixth,in,JJ,IN,5
higher,expenses,JJR,NNS,6
22,in,AB,IN,5
s,in,POS,IN,5
44,in,AB,IN,5
u.s.,rates,NP,NNS,6
investor,switches,NN,VBZ,1
attracted,for,VBD,IN,1
of,in,IN,IN,1
u.k.,rates,NP,NNS,6
high,rates,JJ,NNS,6
best,of,JJS,IN,4
lower,rates,JJR,NNS,6
higher,margins,JJR,NNS,6
short,fell,JJ,VBD,5
buying,later,NN,RB,1
now,rates,RB,NNS,6
management,will,NN,MD,5
management,was,NN,VBD,5
its,in,PP,IN,5
the,of,DT,IN,5
of,,IN,'',1
annual,rates,JJ,NNS,6
tighter,margins,JJR,NNS,6
widened,expense,VBD,NN,6
net,expense,JJ,NN,6
an,payment,DT,NN,6
and,payments,CC,NNS,6
cellular,in,JJ,IN,5
an,or,DT,CC,5
an,there,DT,RB,5
best,.,JJS,.,4
s,.,POS,.,5
higher,margins,JJR,NNS,6
brazilian,paid,JJ,VBN,6
net,margin,JJ,NN,6
has,in,VBZ,IN,5
business,capital,NN,NP,3
public,,JJ,'',4
u.s.,rates,NP,NNS,6
with,in,IN,IN,5
over,rates,IN,NNS,6
allowing,rates,VBG,NNS,6
equity,in,NN,IN,5
majority,in,NN,IN,5
10,in,AB,IN,5
high,rates,JJ,NNS,6
public,.,JJ,.,4
public,.,JJ,.,4
lower,rates,JJR,NNS,6
low,rates,JJ,NNS,6
accruing,the,VBG,DT,6
soft-drink,did,NN,VBD,5
brewing,in,NN,IN,5
those,include,DT,VBP,5
lower,rates,VB,NNS,6
best,of,JJS,IN,4
with,in,IN,IN,5
with,accruing,IN,VBG,6
accrued,is,VBN,VBZ,6
buy-out,payments,NN,NNS,6
just,payments,RB,NNS,6
lower,rate,JJR,NN,6
pay,for,VB,IN,6
until,is,IN,VBZ,6
accrued,.,VBN,.,6
the,deduction,DT,NN,6
s,expense,POS,NN,6
its,expense,PP,NN,6
entrenched,.,JJ,.,4
in,rates,IN,NNS,6
computing,on,VBG,IN,6
an,in,DT,IN,5
majority,later,NN,RB,5
in,costs,IN,NNS,6
long-term,of,JJ,IN,4
initial,rate,JJ,NN,6
semiannually,payments,RB,NNS,6
and,.,CC,.,6
where,rates,WRB,NNS,6
levels,rates,NNS,NNS,6
different,,JJ,'',3
their,are,PP,VBP,4
widespread,in,JJ,IN,5
annual,rates,JJ,NNS,6
stir,in,VB,IN,1
lower,income,JJR,NN,6
of,expense,IN,NN,6
million,expense,AB,NN,6
significant,rate,JJ,NN,6
50,in,AB,IN,5
50,in,AB,IN,5
minority,increased,NN,VBD,5
minority,but,NN,CC,5
an,in,DT,IN,5
financial,,JJ,'',5
financial,``,JJ,``,5
in,rates,IN,NNS,6
average,rate,JJ,NN,6
in,payments,IN,NNS,6
because,rates,IN,NNS,6
public,if,JJ,IN,4
on,rate-sensitive,IN,JJ,6
buying,after,NN,IN,1
other,.,JJ,.,3
annual,rates,JJ,NNS,6
chemicals,include,NNS,VBP,5
best,of,JJS,IN,4
and,as,CC,IN,6
this,in,DT,IN,1
export,among,NN,IN,1
has,in,VBZ,IN,5
other,in,JJ,IN,3
has,in,VBZ,IN,5
u.s.,.,NP,.,4
its,was,PP,VBD,4
lower,rates,VB,NNS,6
s,at,POS,IN,4
80,in,AB,IN,5
before,tax,IN,NN,6
liability,will,NN,MD,6
short-term,rates,JJ,NNS,6
short-term,rate,JJ,NN,6
no,payments,DT,NNS,6
net,margin,JJ,NN,6
net,income,JJ,NN,6
an,in,DT,IN,5
net,margin-the,JJ,NN,6
to,rose,TO,VBD,6
to,and,TO,CC,6
net,income,JJ,NN,6
best,of,JJS,IN,4
on,rates,IN,NNS,6
an,in,DT,IN,4
u.s.,in,NP,IN,1
and,costs,CC,NNS,6
public,and,JJ,CC,4
falling,rates,VBG,NNS,6
greater,in,JJR,IN,1
follow,rate,VB,NN,6
when,rates,WRB,NNS,6
short-term,rates,JJ,NNS,6
an,in,DT,IN,5
funds,rate,NNS,NN,6
equity,in,NN,IN,5
average,rate,JJ,NN,6
lost,.,VBN,.,1
make,payments,VB,NNS,6
bear,at,VB,IN,6
of,of,IN,IN,1
of,expressed,IN,VBN,1
renewed,by,VBN,IN,1
advertiser,.,NN,.,1
lost,in,VBN,IN,1
up,in,RP,IN,1
express,in,VBP,IN,1
his,.,PP,.,4
15,in,AB,IN,5
6.25,rates,AB,NNS,6
equity,in,NN,IN,5
bring,rates,VB,NNS,6
says,rates,VBZ,NNS,6
annualized,rates,VBN,NNS,6
gas,and,NN,CC,5
51,in,AB,IN,5
institutional,in,JJ,IN,1
in,in,IN,IN,1
from,and,IN,CC,6
low,rate,JJ,NN,6
and,but,CC,CC,6
},rates,),NNS,6
lower,rates,VB,NNS,6
lower,rates,JJR,NNS,6
including,over,VBG,IN,6
net,income,JJ,NN,6
the,rate,DT,NN,6
of,payments,IN,NNS,6
net,income,JJ,NN,6
accruing,net,VBG,JJ,6
of,income,IN,NN,6
than,climbed,IN,VBD,6
net,margin,JJ,NN,6
net,income,JJ,NN,6
net,margin,JJ,NN,6
from,and,IN,CC,6
s,in,POS,IN,5
net,down,JJ,RB,6
and,rates,CC,NNS,6
economic,are,JJ,VBP,4
private,of,JJ,IN,4
public,the,JJ,DT,1
minority,of,NN,IN,5
short-term,rates,JJ,NNS,6
the,.,DT,.,1
higher,income,JJR,NN,6
15,in,AB,IN,5
annual,rates,JJ,NNS,6
trading,in,NN,IN,5
in,rates,IN,NNS,6
with,in,IN,IN,5
56,in,AB,IN,5
other,are,JJ,VBP,5
the,rate,DT,NN,6
potential,from,JJ,IN,1
key,rate,JJ,NN,6
funds,rate,NNS,NN,6
other,rates,JJ,NNS,6
short-term,rates,JJ,NNS,6
lower,rates,JJR,NNS,6
lower,rates,VB,NNS,6
short-term,rates,JJ,NNS,6
now,rates,RB,NNS,6
their,in,PP,IN,5
in,rates,IN,NNS,6
and,rates,CC,NNS,6
base,rate,NN,NN,6
lower,rates,VB,NNS,6
s,in,POS,IN,1
1987,rates,AB,NNS,6
lower,rates,VB,NNS,6
lower,rates,VB,NNS,6
raised,rates,VBD,NNS,6
lower,rates,VB,NNS,6
of,for,IN,IN,6
bond,rates,NN,NNS,6
the,but,DT,CC,6
and,rates,CC,NNS,6
expressed,in,VBN,IN,1
of,income,IN,NN,6
the,rate,DT,NN,6
between,rates,IN,NNS,6
reduce,rates,VB,NNS,6
lower,rates,JJR,NNS,6
u.s.,rates,NP,NNS,6
domestic,rates,JJ,NNS,6
{,},(,),6
u.s.,rates,NP,NNS,6
the,of,DT,IN,4
its,in,PP,IN,5
hooker,in,NP,IN,5
weak,rates,JJ,NNS,6
100,in,AB,IN,5
business,and,NN,CC,5
s,in,POS,IN,1
with,in,IN,IN,5
over,rates,IN,NNS,6
allow,rates,VB,NNS,6
by,payments,IN,NNS,6
the,from,DT,IN,6
cash,payments,NN,NNS,6
current,rates,JJ,NNS,6
1987,rates,AB,NNS,6
ease,rates,VB,NNS,6
telephone,and,NN,CC,5
annual,rates,JJ,NNS,6
minority,.,NN,.,5
in,rates,IN,NNS,6
lower,rates,JJR,NNS,6
short-term,rates,JJ,NNS,6
key,rate,JJ,NN,6
only,.,JJ,.,6
personal,.,JJ,.,3
has,in,VBZ,IN,5
annual,rate,JJ,NN,6
that,rates,IN,NNS,6
base,rate,NN,NN,6
bank,and,NN,CC,5
hefty,payments,JJ,NNS,6
some,payments,DT,NNS,6
the,rate,DT,NN,6
coupon,payments,NN,NNS,6
on,payments,IN,NNS,6
suspended,payments,VBN,NNS,6
pay,on,VB,IN,6
compound,and,JJ,CC,6
compound,.,NN,.,6
at,rates,IN,NNS,6
own,in,VBP,IN,5
the,and,DT,CC,6
mutual,said,JJ,VBD,4
s,may,POS,MD,1
minority,in,NN,IN,5
s,in,POS,IN,1
its,but,PP,CC,4
own,.,JJ,.,4
an,rate,DT,NN,6
exact,rate,JJ,NN,6
expect,rates,VBP,NNS,6
the,of,DT,IN,4
and,rates,CC,NNS,6
high,rates,JJ,NNS,6
u.s.,rates,NP,NNS,6
short-term,rates,JJ,NNS,6
controlling,in,VBG,IN,5
in,rates,IN,NNS,6
much,in,JJ,IN,1
allowing,rates,VBG,NNS,6
true,cost,JJ,NN,6
its,in,PP,IN,5
u.s.,in,NP,IN,1
and,payments,CC,NNS,6
lower,rates,VB,NNS,6
falling,rates,VBG,NNS,6
in,rates,IN,NNS,6
telephone,and,NN,CC,5
before,and,IN,CC,6
high,rates,JJ,NNS,6
by,payments,IN,NNS,6
cash,payments,NN,NNS,6
the,of,DT,IN,4
cut,rates,VB,NNS,6
an,rate,DT,NN,6
high,rates,JJ,NNS,6
net,revenue,JJ,NN,6
net,margin,JJ,NN,6
declining,rates,VBG,NNS,6
reduced,rate,VBN,NN,6
has,in,VBZ,IN,5
at,rates,IN,NNS,6
majority,in,NN,IN,5
minority,in,NN,IN,5
lower,rates,VB,NNS,6
its,is,PP,VBZ,6
14,.,AB,.,6
its,payments,PP,NNS,6
in,and,IN,CC,6
that,could,IN,MD,6
caused,on,VBD,IN,6
annual,payments,JJ,NNS,6
equity,would,NN,MD,5
other,.,JJ,.,3
no,,DT,'',1
with,in,IN,IN,5
in,rates,IN,NNS,6
and,rates,CC,NNS,6
6.7,rate,AB,NN,6
has,in,VBZ,IN,5
annual,rates,JJ,NNS,6
has,in,VBZ,IN,5
separate,and,JJ,CC,6
higher,rate,JJR,NN,6
35.45,in,AB,IN,5
has,in,VBZ,IN,5
controlling,in,JJ,IN,5
net,margin,JJ,NN,6
net,income,JJ,NN,6
of,payments,IN,NNS,6
``,in,``,IN,1
falling,rates,VBG,NNS,6
feel,rates,VBP,NNS,6
buyers,in,NNS,IN,1
and,payments,CC,NNS,6
and,payments,CC,NNS,6
s,was,POS,VBD,1
as,on,IN,IN,6
debt,in,NN,IN,6
net,payments,JJ,NNS,6
an,in,DT,IN,1
intense,among,JJ,IN,1
commercial,is,JJ,VBZ,1
broad,in,JJ,IN,1
with,.,IN,.,1
short-term,rates,JJ,NNS,6
short-term,rates,JJ,NNS,6
that,rates,IN,NNS,6
that,rates,IN,NNS,6
voting,.,NN,.,5
with,.,IN,.,1
best,to,JJS,TO,4
japanese,rates,JJ,NNS,6
s,rate,POS,NN,6
allowing,rates,VBG,NNS,6
reduce,rates,VB,NNS,6
national,to,JJ,TO,4
and,--,CC,:,6
lower,rates,JJR,NNS,6
tremendous,in,JJ,IN,1
and,income,CC,NN,6
allocate,expenses,VB,NNS,6
because,expenses,IN,NNS,6
thus,expenses,RB,NNS,6
these,expenses,DT,NNS,6
to,rates,TO,NNS,6
open,or,JJ,CC,5
open,is,JJ,VBZ,5
open,in,JJ,IN,5
open,in,JJ,IN,5
open,and,JJ,CC,5
open,situations,JJ,NNS,5
open,will,JJ,MD,5
fraudulent,expenses,JJ,NNS,6
fraudulent,expenses,JJ,NNS,6
annual,rates,JJ,NNS,6
has,in,VBZ,IN,5
of,in,IN,IN,1
of,not,IN,RB,1
considerable,in,JJ,IN,1
of,payments,IN,NNS,6
serious,on,JJ,IN,1
make,payments,VB,NNS,6
major,is,JJ,VBZ,3
video,and,NN,CC,5
music-publishing,.,JJ,.,5
expressed,in,VBN,IN,1
20,in,AB,IN,5
net,margins,JJ,NNS,6
net,income,JJ,NN,6
net,income,JJ,NN,6
for,rates,IN,NNS,6
renewed,by,VBN,IN,1
lower,rates,VB,NNS,6
pay,in,VBD,IN,6
much,in,JJ,IN,6
%,rate,NN,NN,6
among,rate-sensitive,IN,JJ,6
high,rates,JJ,NNS,6
institutional,in,JJ,IN,1
the,in,DT,IN,1
damp,in,VB,IN,1
high,rates,JJ,NNS,6
african,rates,JJ,NNS,6
annualized,rates,VBN,NNS,6
the,rates,DT,NNS,6
the,rate,DT,NN,6
that,rates,IN,NNS,6
the,rate,DT,NN,6
the,rate,DT,NN,6
expressed,in,VBN,IN,1
annual,rates,JJ,NNS,6
high,rates,JJ,NNS,6
equity,in,NN,IN,5
60,in,AB,IN,5
substantial,in,JJ,IN,5
and,deductions,CC,NNS,6
property,was,NN,VBD,5
sell,in,VB,IN,5
for,paid,IN,VBN,6
--,paid,:,VBN,6
67,in,AB,IN,5
6,and,AB,CC,5
german,rates,NP,NNS,6
expressed,in,VBD,IN,1
their,publicly,PP,RB,1
expressed,in,VBN,IN,1
s,in,POS,IN,1
any,in,DT,IN,1
pay,periodically,VB,RB,6
the,on,DT,IN,6
majority,in,NN,IN,5
make,payments,VB,NNS,6
has,in,VBZ,IN,5
s,.,POS,.,4
net,income,JJ,NN,6
customers,lest,NNS,IN,1
considerable,even,JJ,RB,1
equity,in,NN,IN,5
has,in,VBZ,IN,5
lower,rates,VB,NNS,6
and,rates,CC,NNS,6
relax,rates,VB,NNS,6
reduce,rates,VB,NNS,6
lower,rates,JJR,NNS,6
or,rates,CC,NNS,6
lower,rates,VB,NNS,6
falling,rates,VBG,NNS,6
raise,rates,VB,NNS,6
media,said,NNS,VBD,5
in,rates,IN,NNS,6
raising,rates,VBG,NNS,6
main,was,JJ,VBD,3
fixed,rates,VBN,NNS,6
has,in,VBZ,IN,5
lower,rates,JJR,NNS,6
annual,expense,JJ,NN,6
annual,savings,JJ,NNS,6
best,of,JJS,IN,4
or,rates,CC,NNS,6
key,rates,JJ,NNS,6
u.s.,rates,NP,NNS,6
the,rate,DT,NN,6
publishing,of,NN,IN,5
film,including,NN,VBG,5
prevailing,rates,VBG,NNS,6
renewed,in,VBN,IN,1
60,exxon,AB,NP,5
lower,rates,VB,NNS,6
short-term,rates,JJ,NNS,6
ownership,in,NN,IN,5
shareholders,at,NNS,IN,4
minority,came,NN,VBD,5
public,,JJ,'',4
own,either,JJ,RB,4
other,the,JJ,DT,5
particular,because,JJ,IN,2
soaring,rates,VBG,NNS,6
no,but,DT,CC,6
with,in,IN,IN,5
hike,rates,VB,NNS,6
minority,in,NN,IN,5
equity,in,NN,IN,5
non-controlling,in,JJ,IN,5
reduce,payments,VB,NNS,6
plan,would,NN,MD,6
annual,rates,JJ,NNS,6
of,expenses,IN,NNS,6
and,income,CC,NN,6
in,income,IN,NN,6
and,income,CC,NN,6
its,here,PP,RB,4
british,rates,JJ,NNS,6
rising,rates,VBG,NNS,6
high,rates,JJ,NNS,6
in,rates,IN,NNS,6
general,in,JJ,IN,1
in,rates,IN,NNS,6
plus,income,CC,NN,6
investor,in,NN,IN,1
raised,rates,VBD,NNS,6
foreign,rates,JJ,NNS,6
lower,rates,VB,NNS,6
falling,rates,VBG,NNS,6
keeping,rates,VBG,NNS,6
corporate,payments,JJ,NNS,6
but,in,CC,IN,1
pay,in,VB,IN,6
shareholders,is,NNS,VBZ,4
investor,might,NN,MD,1
the,of,DT,IN,1
minority,in,NN,IN,5
s,as,POS,IN,1
generated,in,VBN,IN,1
coordinated,rate,VBN,NN,6
high,rate,JJ,NN,6
the,rate,DT,NN,6
despite,rate,IN,NN,6
the,from,DT,IN,1
including,is,VBG,VBZ,6
possible,rate,JJ,NN,6
high,rates,JJ,NNS,6
additional,expense,JJ,NN,6
accrued,.,JJ,.,6
u.s.,could,NP,MD,4
u.s.,too,NP,RB,4
own,.,JJ,.,4
with,in,IN,IN,5
annual,running,JJ,VBG,6
athletic,,JJ,'',4
in,rates,IN,NNS,6
s,income,POS,NN,6
the,margin,DT,NN,6
short-term,rates,JJ,NNS,6
short-term,rates,JJ,NNS,6
below-market,rates,JJ,NNS,6
cash,obligations,NN,NNS,6
the,savings,DT,NNS,6
reduced,expense,JJ,NN,6
make,payments,VB,NNS,6
the,of,DT,IN,3
``,will,``,MD,4
controlling,in,NN,IN,5
400000,payment,AB,NN,6
no,in,DT,IN,1
customer,that,NN,WDT,1
an,in,DT,IN,1
the,of,DT,IN,4
voting,in,NN,IN,5
down,rates,RP,NNS,6
strategic,,JJ,'',4
their,in,PP,IN,5
annual,rates,JJ,NNS,6
public,.,JJ,.,4
coordinator,at,NN,IN,6
weeks,rates,NNS,NNS,6
if,rates,IN,NNS,6
special,in,JJ,IN,1
personal,with,JJ,IN,1
an,in,DT,IN,1
reduce,rates,VB,NNS,6
lower,rates,JJR,NNS,6
sets,rate,VBZ,NN,6
lower,rates,JJR,NNS,6
their,rates,PP,NNS,6
lowering,rates,VBG,NNS,6
lower,rates,JJR,NNS,6
expressed,in,VBN,IN,1
in,rates,IN,NNS,6
best,of,JJS,IN,4
cut,rates,VB,NNS,6
long-term,rates,JJ,NNS,6
the,rate,DT,NN,6
that,rates,IN,NNS,6
short-term,rates,JJ,NNS,6
up,in,IN,IN,1
european,rates,JJ,NNS,6
real,rates,JJ,NNS,6
usual,.,JJ,.,1
their,in,PP,IN,1
at,rates,IN,NNS,6
lower,rates,JJR,NNS,6
lower,rates,VB,NNS,6
an,in,DT,IN,1
cut,rates,VB,NNS,6
pay,and,VB,CC,6
annual,of,JJ,IN,6
loses,.,VBZ,.,1
higher,rates,JJR,NNS,6
buying,in,VBG,IN,1
in,rates,IN,NNS,6
high,rate,JJ,NN,6
beneficial,in,JJ,IN,5
u.s.,rates,NP,NNS,6
rising,rates,VBG,NNS,6
plus,income,CC,NN,6
if,payments,IN,NNS,6
rising,rates,VBG,NNS,6
as,rates,IN,NNS,6
any,until,DT,IN,6
with,rates,IN,NNS,6
lower,rates,JJR,NNS,6
if,rates,IN,NNS,6
national,in,JJ,IN,4
high,rates,JJ,NNS,6
strong,in,JJ,IN,1
non-steel,which,JJ,WDT,5
high,rates,JJ,NNS,6
been,in,VBN,IN,1
majority,in,NN,IN,5
majority,in,NN,IN,5
make,payments,VB,NNS,6
average,rate,JJ,NN,6
10,in,AB,IN,5
its,in,PP,IN,5
s,to,POS,TO,5
sizable,in,JJ,IN,5
public,in,JJ,IN,1
best,a,JJS,DT,4
higher,rates,JJR,NNS,6
sent,rates,VBN,NNS,6
corporate,payments,JJ,NNS,6
short-term,rates,JJ,NNS,6
pushing,rates,VBG,NNS,6
withhold,payments,VB,NNS,6
protected,.,JJ,.,4
expects,rates,VBZ,NNS,6
in,rates,IN,NNS,6
tax,on,NN,IN,6
minority,in,NN,IN,5
the,of,DT,IN,4
high,rates,JJ,NNS,6
deep,in,JJ,IN,1
long,in,JJ,IN,1
or,payments,CC,NNS,6
or,payments,CC,NNS,6
an,in,DT,IN,1
debt,.,NN,.,6
parochial,.,JJ,.,4
accrued,to,VBN,TO,6
annual,bill,JJ,NN,6
include,on,VB,IN,6
cash,on,NN,IN,6
its,and,PP,CC,6
any,at,DT,IN,1
s,in,POS,IN,1
of,rate,IN,NN,6
takeover,saying,NN,VBG,1
foreign,rates,JJ,NNS,6
in,rates,IN,NNS,6
},rates,),NNS,6
investor,and,NN,CC,1
raised,rates,VBD,NNS,6
because,rate,IN,NN,6
open,figures,JJ,NNS,5
open,is,JJ,VBZ,5
equity,in,NN,IN,5
annual,rates,JJ,NNS,6
despite,rate,IN,NN,6
raise,rates,VB,NNS,6
market,rates,NN,NNS,6
u.s.,rates,NP,NNS,6
60,in,AB,IN,5
and,costs,CC,NNS,6
an,in,DT,IN,1
tokyo,rate,NP,NN,6
high,rates,JJ,NNS,6
higher,rates,JJR,NNS,6
german,rate,JJ,NN,6
buying,after,NN,IN,1
minority,at,NN,IN,5
on,rates,IN,NNS,6
minority,and,NN,CC,5
official,rates,JJ,NNS,6
benchmark,rates,JJ,NNS,6
s,in,POS,IN,5
its,in,PP,IN,5
before,depreciation,IN,NN,6
before,taxes,IN,NNS,6
certain,payments,JJ,NNS,6
accrued,of,JJ,IN,6
public,.,JJ,.,4
public,.,JJ,.,4
before,taxes,IN,NNS,6
the,of,DT,IN,4
public,.,JJ,.,4
in,payments,IN,NNS,6
british,rates,JJ,NNS,6
key,rates,JJ,NNS,6
is,rates,VBZ,NNS,6
raising,rates,VBG,NNS,6
of,rates,IN,NNS,6
emotional,at,JJ,IN,1
because,rates,IN,NNS,6
and,required,CC,VBN,6
and,in,CC,IN,6
possible,rate,JJ,NN,6
governmental,rate,JJ,NN,6
bonds,on,NNS,IN,6
what,rate,WP,NN,6
expected,rate,VBN,NN,6
higher,rates,JJR,NNS,6
an,payment,DT,NN,6
lower,rate,JJR,NN,6
bonus,rates,NN,NNS,6
express,in,VBP,IN,1
big,in,JJ,IN,4
first-year,rate,JJ,NN,6
offer,rates,VBP,NNS,6
s,.,POS,.,3
high,rates,JJ,NNS,6
pay,periodically,VB,RB,6
current,bonds,JJ,NNS,6
tax,on,NN,IN,6
up,shortfalls,IN,NNS,6
great,in,JJ,IN,1
u.k.,rates,NP,NNS,6
prospective,rate,JJ,NN,6
investor,yesterday,NN,NN,1
investor,which,NN,WDT,1
german,rates,JJ,NNS,6
brewing,of,NN,IN,5
of,income,IN,NN,6
rising,rates,VBG,NNS,6
any,until,DT,IN,6
rising,rates,VBG,NNS,6
signs,rates,NNS,NNS,6
short-term,rates,JJ,NNS,6
personal,.,JJ,.,3
meet,payments,VB,NNS,6
hefty,expense,JJ,NN,6
academic,.,JJ,.,1
security,in,NN,IN,5
more,at,JJR,IN,1
sheer,,JJ,'',1
german,rates,JJ,NNS,6
short-term,rates,JJ,NNS,6
think,rates,VBP,NNS,6
the,rate,DT,NN,6
3,.,AB,.,6
personal,.,JJ,.,3
an,in,DT,IN,5
own,and,JJ,CC,3
in,rates,IN,NNS,6
high,rates,JJ,NNS,6
some,among,DT,IN,1
an,in,DT,IN,5
their,.,PP,.,4
an,in,DT,IN,5
unpaid,together,JJ,RB,6
make,payments,VB,NNS,6
foreign,rates,JJ,NNS,6
general,in,JJ,IN,1
allow,rates,VB,NNS,6
in,rates,IN,NNS,6
stirring,among,VBG,IN,1
annual,rates,JJ,NNS,6
high,rates,JJ,NNS,6
annual,rates,JJ,NNS,6
accrued,from,JJ,IN,6
of,in,IN,IN,1
in,gleefully,IN,RB,1
and,rates,CC,NNS,6
reduced,rate,JJ,NN,6
congressional,in,JJ,IN,1
of,,IN,'',2
increasing,by,VBG,IN,1
an,in,DT,IN,1
controlling,in,JJ,IN,5
short-term,rates,JJ,NNS,6
cut,rates,VB,NNS,6
key,rates,JJ,NNS,6
higher,rates,JJR,NNS,6
best,of,JJS,IN,4
the,earned,DT,VBN,6
up,rates,RP,NNS,6
by,rates,IN,NNS,6
s,in,POS,IN,1
an,in,DT,IN,1
keep,pumped,VBP,VBD,1
average,rate,JJ,NN,6
with,in,IN,IN,5
franchise,for,NN,IN,5
large,in,JJ,IN,5
s,and,POS,CC,5
voting,and,NN,CC,5
equity,in,NN,IN,5
voting,and,NN,CC,5
equity,in,NN,IN,5
expressed,in,VBN,IN,1
york,.,NP,.,5
s,and,POS,CC,5
s,``,POS,``,5
its,in,PP,IN,5
hold,in,VBP,IN,5
of,and,IN,CC,6
private,with,JJ,IN,3
equity,in,NN,IN,5
u.k.,rate,NP,NN,6
investor,because,NN,IN,1
u.k.,rates,NP,NNS,6
on,rates,IN,NNS,6
investor,.,NN,.,1
their,is,PP,VBZ,1
no,charge,DT,NN,6
other,.,JJ,.,3
an,rate,DT,NN,6
other,.,JJ,.,3
11.4,in,AB,IN,5
that,rates,IN,NNS,6
retail,since,JJ,IN,1
lowering,rates,VBG,NNS,6
lower,rates,JJR,NNS,6
lower,rates,JJR,NNS,6
short-term,rates,JJ,NNS,6
net,cost,JJ,NN,6
has,in,VBZ,IN,5
lower,cost,JJR,NN,6
of,in,IN,IN,1
most,.,JJS,.,1
to,rates,TO,NNS,6
its,in,PP,IN,5
by,payments,IN,NNS,6
the,from,DT,IN,6
cash,payments,NN,NNS,6
cellular,in,JJ,IN,5
s,in,POS,IN,1
national,are,JJ,VBP,4
insurance,of,NN,IN,5
speculative,that,JJ,WDT,1
of,in,IN,IN,1
insurance,in,NN,IN,5
french,to,JJ,TO,5
of,or,IN,CC,6
domestic,rates,JJ,NNS,6
u.s.,lies,NP,VBZ,4
industrial-gas,and,JJ,CC,5
annualized,rates,VBN,NNS,6
heavy,payments,JJ,NNS,6
its,as,PP,IN,5
its,to,PP,TO,5
its,in,PP,IN,1
pushing,rates,VBG,NNS,6
expects,rates,VBZ,NNS,6
its,in,PP,IN,5
working,in,VBG,IN,5
an,in,DT,IN,5
of,payments,IN,NNS,6
thread,could,NN,MD,5
minority,rose,NN,VBD,5
minority,and,NN,CC,5
plus,accrued,CC,VBN,6
annual,rates,JJ,NNS,6
of,and,IN,CC,6
slows,rates,VBZ,NNS,6
minority,rose,NN,VBD,5
base,plus,JJ,CC,6
of,and,IN,CC,5
reduces,rates,VBZ,NNS,6
raise,rates,VB,NNS,6
higher,rates,JJR,NNS,6
u.s.,rates,NP,NNS,6
high,rates,JJ,NNS,6
postpone,payments,VB,NNS,6
expressed,in,VBN,IN,1
paying,on,VBG,IN,6
insurance,of,NN,IN,5
higher,rates,JJR,NNS,6
u.k.,rates,NP,NNS,6
damping,in,VBG,IN,1
german,rates,JJ,NNS,6
and,because,CC,IN,6
cash,payments,NN,NNS,6
20,to,AB,TO,5
lost,in,VBN,IN,1
an,rate,DT,NN,6
an,rate,DT,NN,6
in,rates,IN,NNS,6
working,in,JJ,IN,5
60,in,AB,IN,5
controlling,in,VBG,IN,5
soviet,in,JJ,IN,1
best,of,JJS,IN,4
has,in,VBZ,IN,5
or,payments,CC,NNS,6
paid,on,VBD,IN,6
security,in,NN,IN,5
paying,on,VBG,IN,6
mortgage,deduction,NN,NN,6
its,in,PP,IN,5
unwelcome,in,JJ,IN,1
and,obligations,CC,NNS,6
of,income,IN,NN,6
accrued,and,JJ,CC,6
with,and,IN,CC,6
best,of,JJS,IN,4
its,in,PP,IN,5
of,.,IN,.,6
equity,in,NN,IN,5
high,rates,JJ,NNS,6
in,rates,IN,NNS,6
to,potential,TO,JJ,2
of,is,IN,VBZ,1
inflation-adjusted,rates,JJ,NNS,6
overnight,rate,JJ,NN,6
engineering,said,NN,VBD,5
domestic,rates,JJ,NNS,6
up,rates,RP,NNS,6
the,coverage,DT,NN,6
in,rate,IN,NN,6
on,rates,IN,NNS,6
an,rate,DT,NN,6
and,expense,CC,NN,6
in,rates,IN,NNS,6
as,rates,IN,NNS,6
in,rates,IN,NNS,6
more,in,JJR,IN,1
its,in,PP,IN,1
the,of,DT,IN,4
their,in,PP,IN,1
insurance,.,NN,.,5
as,rates,IN,NNS,6
net,margin,JJ,NN,6
has,in,VBZ,IN,5
annual,rates,JJ,NNS,6
60,in,AB,IN,5
short-term,rates,JJ,NNS,6
his,in,PP,IN,1
long-term,rates,JJ,NNS,6
short-term,rates,JJ,NNS,6
in,rates,IN,NNS,6
raising,rates,VBG,NNS,6
low,rates,JJ,NNS,6
short-term,rate,JJ,NN,6
in,rates,IN,NNS,6
higher,rates,JJR,NNS,6
plus,payments,CC,NNS,6
lowering,rates,VBG,NNS,6
that,rates,IN,NNS,6
if,rates,IN,NNS,6
the,rate,DT,NN,6
real,rates,JJ,NNS,6
growing,by,VBG,IN,1
its,and,PP,CC,4
the,of,DT,IN,4
s,in,POS,IN,5
indirect,in,JJ,IN,5
any,i,DT,PP,4
55,in,AB,IN,5
of,in,IN,IN,1
equity,in,NN,IN,5
other,.,JJ,.,3
community,including,NN,VBG,3
japanese,rates,JJ,NNS,6
lower,rates,VB,NNS,6
german,rates,JJ,NNS,6
u.s.,rates,NP,NNS,6
increase,rates,VB,NNS,6
suspended,payments,VBN,NNS,6
possible,by,JJ,IN,1
his,would,PP,MD,1
market,rates,NN,NNS,6
u.k.,rates,NP,NNS,6
s,was,POS,VBD,4
common,in,JJ,IN,4
expressed,.,VBN,.,1
and,reduction,CC,NN,6
of,on,IN,IN,6
paying,on,VBG,IN,6
minority,or,NN,CC,5
minority,totaled,NN,VBD,5
high,rates,JJ,NNS,6
takeover,in,NN,IN,1
net,margins,JJ,NNS,6
net,margin,JJ,NN,6
possible,in,JJ,IN,1
s,in,POS,IN,1
the,of,DT,IN,1
on,in,IN,IN,1
of,in,IN,IN,1
attracting,from,VBG,IN,1
holds,in,VBZ,IN,5
with,in,IN,IN,5
their,.,PP,.,4
an,in,DT,IN,5
lower,costs,VB,NNS,6
s,in,POS,IN,1
12,in,AB,IN,5
iv,the,NP,DT,1
accrued,to,JJ,TO,6
has,in,VBZ,IN,5
research,in,NN,IN,3
tuesday,will,NP,MD,6
current,bonds,JJ,NNS,6
current,bonds,JJ,NNS,6
annual,rates,JJ,NNS,6
best,,JJS,'',4
sparking,in,VBG,IN,1
when,rates,WRB,NNS,6
as,rates,IN,NNS,6
an,rate,DT,NN,6
17,payments,AB,NNS,6
annual,payments,JJ,NNS,6
smaller,payments,JJR,NNS,6
lower,rates,VB,NNS,6
the,from,DT,IN,6
u.s.,rates,NP,NNS,6
voting,ca,NN,MD,5
over,rates,IN,NNS,6
u.k.,rates,NP,NNS,6
best,,JJS,'',4
minority,rose,NN,VBD,5
bank,contributed,NN,VBD,5
open,in,JJ,IN,5
open,declined,JJ,VBD,5
high,rates,JJ,NNS,6
from,income,IN,NN,6
own,to,JJ,TO,4
world,rates,NN,NNS,6
on,on,IN,IN,6
gains,rates,NNS,NNS,6
s,bill,POS,NN,6
14,are,AB,VBP,6
other,.,JJ,.,3
extra,by,JJ,IN,6
the,on,DT,IN,6
the,they,DT,PP,6
lower,rate,JJR,NN,6
any,in,DT,IN,1
further,in,JJ,IN,1
national,.,JJ,.,4
and,income,CC,NN,6
some,especially,DT,RB,2
working,and,VBG,CC,5
10.02,.,AB,.,5
remaining,are,JJ,VBP,5
voiced,in,VBN,IN,1
my,,PP,'',1
deny,by,VB,IN,1
and,income,CC,NN,6
allowing,rates,VBG,NNS,6
at,rates,IN,NNS,6
higher,rates,JJR,NNS,6
higher,rates,JJR,NNS,6
great,in,JJ,IN,1
diverse,in,JJ,IN,5
50,in,AB,IN,5
annual,of,JJ,IN,6
s,in,POS,IN,4
other,.,JJ,.,3
personal,in,NP,IN,3
current,bonds,JJ,NNS,6
lower,rates,JJR,NNS,6
has,in,VBZ,IN,5
s,``,POS,``,5
push,rates,VB,NNS,6
minority,or,NN,CC,5
of,rates,IN,NNS,6
higher,expenses,JJR,NNS,6
minority,tumbled,NN,VBD,5
of,is,IN,VBZ,4
best,,JJS,'',4
minority,in,NN,IN,5
49,in,AB,IN,5
3,in,AB,IN,5
other,probably,JJ,RB,3
annual,rates,JJ,NNS,6
s,or,POS,CC,4
s,to,POS,TO,4
renewed,in,JJ,IN,1
said,in,VBD,IN,1
additional,among,JJ,IN,1
u.k.,rates,NP,NNS,6
an,rate,DT,NN,6
raise,rates,VB,NNS,6
german,rates,JJ,NNS,6
domestic,rates,JJ,NNS,6
49,owned,AB,VBN,5
of,to,IN,TO,2
their,in,PP,IN,1
boost,rates,VB,NNS,6
little,in,JJ,IN,1
certain,payments,JJ,NNS,6
main,is,JJ,VBZ,3
with,in,IN,IN,5
key,rates,JJ,NNS,6
before,during,IN,IN,6
accrued,.,VBN,.,6
the,on,DT,IN,6
the,of,DT,IN,4
the,of,DT,IN,4
diluted,fell,JJ,VBD,5
indirect,in,JJ,IN,5
bears,at,VBZ,IN,6
best,of,JJS,IN,4
shorter-term,selling,JJR,VBG,4
},regarding,),VBG,4
average,rate,JJ,NN,6
the,paid,DT,VBN,6
reported,and,JJ,CC,6
plus,is,CC,VBZ,6
all,will,DT,MD,6
personal,.,JJ,.,4
best,,JJS,'',4
67,.,AB,.,5
german,rates,JJ,NNS,6
raising,rates,VBG,NNS,6
raising,rates,VBG,NNS,6
domestic,rates,JJ,NNS,6
billion,payment,AB,NN,6
annual,rates,JJ,NNS,6
business,.,NN,.,3
business,.,NN,.,3
of,,IN,'',4
but,is,CC,VBZ,1
buying,in,VBG,IN,1
5,and,AB,CC,5
higher,rates,JJR,NNS,6
of,from,IN,IN,1
up,rates,RP,NNS,6
current,term,JJ,NN,6
raising,rates,VBG,NNS,6
drew,from,VBD,IN,1
u.k.,rate,NP,NN,6
rising,rates,VBG,NNS,6
current,rates,JJ,NNS,6
banks,margins,NNS,NNS,6
lowering,rates,VBG,NNS,6
local,to,JJ,TO,4
economic,driving,JJ,VBG,3
51,in,AB,IN,5
retailing,including,NN,VBG,5
short,rose,JJ,VBD,5
that,rates,IN,NNS,6
43.7,in,AB,IN,5
controlling,in,VBG,IN,5
an,that,DT,IN,5
50,in,AB,IN,5
students,.,NNS,.,1
limited-partner,in,JJ,IN,5
pipeline,.,NN,.,5
s,should,POS,MD,4
with,in,IN,IN,5
key,rates,JJ,NNS,6
domestic,rates,JJ,NNS,6
of,rates,IN,NNS,6
every,payment,DT,NN,6
its,in,PP,IN,1
retailing,to,VBG,TO,5
partner,in,NN,IN,5
short,in,JJ,IN,5
short,posted,JJ,VBD,5
short,rose,JJ,VBD,5
short,in,JJ,IN,5
short,on,JJ,IN,5
short,in,JJ,IN,5
short,in,JJ,IN,5
short,jump,JJ,NN,5
short,in,JJ,IN,5
short,is,JJ,VBZ,5
short,indicates,JJ,VBZ,5
short,as,JJ,IN,5
short,data,JJ,NNS,5
short,in,JJ,IN,5
short,totaled,JJ,VBD,5
short,position,JJ,NN,5
immediate,in,JJ,IN,1
of,with,IN,IN,4
any,in,DT,IN,1
with,rates,IN,NNS,6
average,rate,JJ,NN,6
are,rates,VBP,NNS,6
as,rates,IN,NNS,6
own,face,JJ,VBP,4
to,rates,TO,NNS,6
keep,rates,VB,NNS,6
if,rates,IN,NNS,6
in,than,IN,IN,6
think,rates,VBP,NNS,6
equity,in,NN,IN,5
base,rates,NN,NNS,6
raised,rates,VBN,NNS,6
that,rates,IN,NNS,6
raise,rates,VB,NNS,6
higher,rates,JJR,NNS,6
high,rates,JJ,NNS,6
annualized,rates,VBN,NNS,6
promised,payments,VBN,NNS,6
for,on,IN,IN,6
telephone,with,NN,IN,5
s,was,POS,VBD,1
annual,rates,JJ,NNS,6
has,in,VBZ,IN,5
lower,rate,JJR,NN,6
which,will,WDT,MD,6
pay,in,VBP,IN,6
allow,rates,VB,NNS,6
in,rates,IN,NNS,6
higher,rates,JJR,NNS,6
overdue,payments,JJ,NNS,6
on,payments,IN,NNS,6
and,according,CC,VBG,6
its,payments,PP,NNS,6
special,magazines,JJ,NNS,3
firms,in,NNS,IN,1
long-term,in,JJ,IN,4
of,was,IN,VBD,4
its,in,PP,IN,5
euroyen,rate,NP,NN,6
expressed,in,VBD,IN,1
other,.,JJ,.,5
domestic,rates,JJ,NNS,6
higher,rates,JJR,NNS,6
buying,following,NN,VBG,1
of,in,IN,IN,1
lively,from,JJ,IN,1
in,rate,IN,NN,6
paris,rate,NP,NN,6
european,rates,JJ,NNS,6
other,.,JJ,.,5
minority,jumped,NN,VBD,5
voting,in,NN,IN,5
washington,is,NP,VBZ,1
public,has,JJ,VBZ,4
raise,rates,VB,NNS,6
inflation-adjusted,rates,JJ,NNS,6
lowering,rates,VBG,NNS,6
domestic,rates,JJ,NNS,6
60,in,AB,IN,5
snack-food,.,NN,.,5
growing,among,VBG,IN,1
35,it,AB,PP,5
has,in,VBZ,IN,5
for,rates,IN,NNS,6
buying,.,NN,.,1
emerging,in,VBG,IN,1
strong,for,JJ,IN,1
of,in,IN,IN,1
raise,rates,VB,NNS,6
an,in,DT,IN,1
the,that,DT,IN,1
their,--,PP,:,5
love,for,NN,IN,3
and,an,CC,DT,3
annual,rates,JJ,NNS,6
except,payments,IN,NNS,6
meet,payments,VB,NNS,6
american,and,JJ,CC,4
marketing,.,NN,.,5
down,rates,RP,NNS,6
high,rates,JJ,NNS,6
healthy,rate,JJ,NN,6
possible,in,JJ,IN,1
social,to,JJ,TO,4
5,rate,AB,NN,6
best,.,JJS,.,4
resume,payments,VB,NNS,6
local,in,JJ,IN,4
local,receive,JJ,VBP,4
financial,in,JJ,IN,5
below-market,rate,JJ,NN,6
high,rates,JJ,NNS,6
nonetheless,rates,RB,NNS,6
without,.,IN,.,6
an,in,DT,IN,5
most,from,JJS,IN,1
sparked,from,VBN,IN,1
15,in,AB,IN,5
minority,in,NN,IN,5
and,payments,CC,NNS,6
cut,rates,VB,NNS,6
higher,rates,JJR,NNS,6
shareholders,the,NNS,DT,4
of,and,IN,CC,6
in,rates,IN,NNS,6
film,in,NN,IN,5
unpaid,to,JJ,TO,6
that,rates,IN,NNS,6
lower,rates,JJR,NNS,6
u.s.,rates,NP,NNS,6
lower,rates,JJR,NNS,6
lower,rates,JJR,NNS,6
up,rates,RP,NNS,6
fear,rates,VBP,NNS,6
that,rates,IN,NNS,6
the,shown,DT,VBN,1
employee,.,NN,.,4
pay,due,VB,JJ,6
of,which,IN,WDT,5
controlling,and,JJ,CC,5
exceptional,in,JJ,IN,1
lowered,rates,VBD,NNS,6
lowered,rates,VBD,NNS,6
cut,rates,VB,NNS,6
of,rate,IN,NN,6
other,.,JJ,.,3
beneficial,via,JJ,IN,5
partnership,via,NP,IN,5
voting,in,JJ,IN,5
in,last,IN,JJ,6
its,in,PP,IN,5
and,on,CC,IN,6
45,in,AB,IN,5
equity,he,NN,PP,5
investor,in,NN,IN,1
the,rates,DT,NNS,6
investor,was,NN,VBD,1
domestic,rates,JJ,NNS,6
keeping,rates,VBG,NNS,6
national,and,JJ,CC,4
entrenched,--,VBN,:,4
german,rates,JJ,NNS,6
market,rates,NN,NNS,6
german,rates,JJ,NNS,6
an,in,DT,IN,5
of,in,IN,IN,1
their,.,PP,.,4
minority,rose,NN,VBD,5
let,rates,VB,NNS,6
up,rates,RP,NNS,6
minority,nearly,NN,RB,5
the,rate,DT,NN,6
quality,rates,NN,NNS,6
and,and,CC,CC,6
with,in,IN,IN,5
own,to,JJ,TO,4
with,in,IN,IN,5
generate,.,VB,.,1
retail,in,JJ,IN,1
best,of,JJS,IN,4
rising,rates,VBG,NNS,6
has,in,VBZ,IN,5
with,including,IN,VBG,5
with,,IN,'',1
supreme,,NN,'',4
short,for,JJ,IN,5
short,slipped,JJ,VBD,5
short,reached,JJ,VBD,5
short,is,JJ,VBZ,5
short,bullish,JJ,JJ,5
short,of,JJ,IN,5
short,ratio,JJ,NN,5
short,position,JJ,NN,5
short,volume,JJ,NN,5
short,position,JJ,NN,5
special,in,JJ,IN,1
minority,rose,NN,VBD,5
u.k.,rates,NP,NNS,6
before,taxes,IN,NNS,6
net,expenses,JJ,NNS,6
6.25,rate,AB,NN,6
outrank,rates,VBP,NNS,6
wide,are,JJ,VBP,3
minority,preferred,NN,VBN,5
long-term,to,JJ,TO,4
s,in,POS,IN,1
stir,in,VB,IN,1
lower,rates,JJR,NNS,6
own,rates,JJ,NNS,6
domestic,rates,JJ,NNS,6
on,rates,IN,NNS,6
its,earlier,PP,RBR,1
15,--,AB,:,5
s,in,POS,IN,1
of,with,IN,IN,4
of,should,IN,MD,4
the,of,DT,IN,4
pay,on,VB,IN,6
german,rates,JJ,NNS,6
german,rates,JJ,NNS,6
telephone,with,NN,IN,5
important,rates,JJ,NNS,6
push,rates,VB,NNS,6
``,indicated,``,VBN,1
the,credited,DT,VBN,6
other,.,JJ,.,3
has,in,VBZ,IN,5
best,of,JJS,IN,4
annual,rates,JJ,NNS,6
missed,payments,VBN,NNS,6
and,rates,CC,NNS,6
on,rates,IN,NNS,6
cut,expense,VB,NN,6
short,fell,JJ,VBD,5
has,in,VBZ,IN,5
32,.,AB,.,5
other,.,JJ,.,3
common,of,JJ,IN,4
what,rates,WDT,NNS,6
one-third,in,JJ,IN,5
has,in,VBZ,IN,5
whose,in,WP,IN,5
wide,because,JJ,IN,1
our,in,PP,IN,1
consumers,in,NNS,IN,4
their,in,PP,IN,4
and,rates,CC,NNS,6
with,in,IN,IN,5
its,to,PP,TO,5
divergent,rates,JJ,NNS,6
the,rate,DT,NN,6
nominal,rates,JJ,NNS,6
possible,in,JJ,IN,1
controlling,in,VBG,IN,5
has,in,VBZ,IN,5
of,or,IN,CC,4
general,from,JJ,IN,2
sending,rates,VBG,NNS,6
lower,rates,JJR,NNS,6
minority,in,NN,IN,5
cap,deductions,VB,NNS,6
lbo,costs,NP,NNS,6
plus,.,CC,.,6
equity,will,NN,MD,5
boost,rates,VB,NNS,6
an,rate,DT,NN,6
peculiar,.,JJ,.,4
pay,rates,VBP,NNS,6
before,and,IN,CC,6
its,payments,PP,NNS,6
before,and,IN,CC,6
owner,rates,NN,NNS,6
its,to,PP,TO,5
an,in,DT,IN,5
expressed,in,VBD,IN,1
american,to,JJ,TO,5
u.s.,in,NP,IN,5
enormous,payments,JJ,NNS,6
plus,payments,CC,NNS,6
accrued,would,VBN,MD,6
domestic,rates,JJ,NNS,6
buying,traders,NN,NNS,1
higher,rates,JJR,NNS,6
attracted,because,VBN,IN,1
institutional,.,JJ,.,1
s,in,POS,IN,1
an,rate,DT,NN,6
raise,rates,VB,NNS,6
japanese,in,JJ,IN,1
major,was,JJ,VBD,1
the,in,DT,IN,1
in,rates,IN,NNS,6
short-term,rates,JJ,NNS,6
u.s.,rates,NP,NNS,6
sole,is,JJ,VBZ,3
expressed,in,VBN,IN,1
its,payments,PP,NNS,6
6.25,rate,AB,NN,6
plus,and,CC,CC,6
industrial,in,JJ,IN,5
of,rates,IN,NNS,6
short-term,rates,JJ,NNS,6
discuss,rates,VB,NNS,6
accrued,to,VBN,TO,6
has,in,VBZ,IN,5
its,in,PP,IN,5
annual,rates,JJ,NNS,6
special,magazines,JJ,NNS,3
special,magazines,JJ,NNS,3
business,.,NN,.,3
meet,payments,VB,NNS,6
has,in,VBZ,IN,5
current,bonds,JJ,NNS,6
tax,on,NN,IN,6
current,serial,JJ,JJ,6
current,term,JJ,NN,6
paying,this,VBG,DT,6
minority,advanced,NN,VBD,5
higher,rates,JJR,NNS,6
raising,rates,VBG,NNS,6
nudging,rates,VBG,NNS,6
minority,or,NN,CC,5
low,rates,JJ,NNS,6
of,in,IN,IN,1
s,include,POS,VBP,5
67.7,in,AB,IN,5
brewing,.,NN,.,5
best,,JJS,'',4
annual,rates,JJ,NNS,6
focused,find,VBN,VBP,3
those,.,DT,.,3
billion,payment,AB,NN,6
make,payments,VB,NNS,6
the,payment,DT,NN,6
make,payments,VB,NNS,6
and,payments,CC,NNS,6
equity,of,NN,IN,5
an,payment,DT,NN,6
higher,rates,JJR,NNS,6
best,at,JJS,IN,4
dividends,and,NNS,CC,6
down,rates,IN,NNS,6
of,rates,IN,NNS,6
million,and,AB,CC,6
pay,due,VB,JJ,6
the,payment,DT,NN,6
of,income,IN,NN,6
expressed,in,VBN,IN,1
less,than,JJR,IN,1
of,.,IN,.,1
current,serial,JJ,NN,6
current,bonds,JJ,NNS,6
current,bonds,JJ,NNS,6
current,bonds,JJ,NNS,6
or,in,CC,IN,5
the,effective,DT,JJ,5
u.s.,turned,NP,VBD,5
cash,payments,NN,NNS,6
at,rates,IN,NNS,6
domestic,rates,JJ,NNS,6
investor,because,NN,IN,1
buying,for,NN,IN,1
german,rates,JJ,NNS,6
renewed,rate,VBN,NN,6
lower,rates,JJR,NNS,6
u.s.,rates,NP,NNS,6
raise,rates,VB,NNS,6
our,.,PP,.,4
keen,to,JJ,TO,2
public,especially,JJ,RB,4
voting,is,NN,VBZ,5
average,rate,JJ,NN,6
great,and,JJ,CC,1
property,is,NN,VBZ,5
keeping,rates,VBG,NNS,6
domestic,rates,JJ,NNS,6
domestic,rates,JJ,NNS,6
its,bill,PP,NN,6
high,rates,JJ,NNS,6
our,in,PP,IN,1
other,.,JJ,.,3
s,in,POS,IN,1
short-term,rates,JJ,NNS,6
boost,rates,VB,NNS,6
open,or,JJ,CC,5
lower,rates,VB,NNS,6
the,of,DT,IN,1
property,in,NN,IN,5
51.7,in,AB,IN,5
effective,in,JJ,IN,5
book-publishing,including,NN,VBG,5
annualized,rates,JJ,NNS,6
other,.,JJ,.,3
and,obligations,CC,NNS,6
minority,in,NN,IN,5
long-range,.,JJ,.,4
less,in,JJR,IN,1
reduce,charges,VB,NNS,6
western,,JJ,'',4
an,in,DT,IN,5
new-found,in,JJ,IN,1
great,.,JJ,.,1
most,rate,JJS,NN,6
for,.,IN,.,6
and,if,CC,IN,6
annual,rates,JJ,NNS,6
no,again,DT,RB,5
floating,rates,JJ,NNS,6
60,in,AB,IN,5
of,from,IN,IN,1
buying,in,NN,IN,1
other,.,JJ,.,3
s,bill,POS,NN,6
high,.,JJ,.,6
s,charges,POS,NNS,6
equity,in,NN,IN,5
before,and,IN,CC,6
buying,for,JJ,IN,1
for,rate,IN,NN,6
raise,rates,VB,NNS,6
bear,at,VBP,IN,6
an,payment,DT,NN,6
5,later,AB,RB,5
in,costs,IN,NNS,6
unpaid,from,JJ,IN,6
semiannual,due,JJ,JJ,6
25.1,in,AB,IN,5
physicians,.,NNS,.,3
more,than,JJR,IN,1
keen,in,JJ,IN,1
his,in,PP,IN,1
make,payments,VB,NNS,6
lost,.,VBD,.,1
nudging,rates,VBG,NNS,6
short-term,rates,JJ,NNS,6
partnership,via,NP,IN,5
equity,in,NN,IN,5
investor,.,NN,.,1
business,of,NN,IN,5
expressed,in,VBN,IN,1
has,in,VBZ,IN,5
the,payment,DT,NN,6
the,on,DT,IN,6
aggregate,due,JJ,JJ,6
alter,rates,VB,NNS,6
ecu,rates,NP,NNS,6
long-term,rates,JJ,NNS,6
market,rate,NN,NN,6
in,rates,IN,NNS,6
human,,JJ,'',3
of,saved,IN,VBN,6
annual,rates,JJ,NNS,6
18.5,in,AB,IN,5
an,including,DT,VBG,1
the,of,DT,IN,4
the,of,DT,IN,4
make,payments,VB,NNS,6
their,payments,PP,NNS,6
no,in,DT,IN,1
lower,burden,JJR,NN,6
heavy,payments,JJ,NNS,6
burdensome,payments,JJ,NNS,6
meet,payments,VB,NNS,6
in,rates,IN,NNS,6
in,payments,IN,NNS,6
its,bill,PP,NN,6
the,they,DT,PP,6
customers,,NNS,'',4
its,in,PP,IN,5
his,in,PP,IN,1
lower,rates,JJR,NNS,6
high,rates,JJ,NNS,6
inflation,rates,NN,NNS,6
expressed,in,VBN,IN,1
reducing,in,VBG,IN,1
spurred,in,VBN,IN,1
variable,rate,JJ,NN,6
70,in,AB,IN,5
and,in,CC,IN,5
increased,in,VBN,IN,1
annual,payment,JJ,NN,6
the,was,DT,VBD,6
that,rate,IN,NN,6
expressed,in,VBN,IN,1
of,are,IN,VBP,1
takeover,in,NN,IN,1
health-care,as,JJ,IN,5
75,in,AB,IN,5
and,payments,CC,NNS,6
unwanted,in,JJ,IN,1
s,in,POS,IN,1
their,payments,PP,NNS,6
in,rates,IN,NNS,6
in,profits,IN,NNS,6
cut,costs,VB,NNS,6
in,costs,IN,NNS,6
certain,in,JJ,IN,5
of,.,IN,.,1
lower,rates,JJR,NNS,6
lower,rates,JJR,NNS,6
s,include,POS,VBP,5
business,begin,NN,VBP,3
national,.,JJ,.,4
geopolitical,that,JJ,WDT,4
commercial,in,JJ,IN,5
